replicate,batch,female_age,treatment,vial,total_offspring,days
1,1,4-5,low,1,57,2
1,1,4-5,low,2,101,2
1,1,4-5,low,3,31,2
1,1,4-5,low,4,0,2
1,1,4-5,low,5,9,2
1,1,4-5,low,6,120,2
1,1,4-5,low,7,103,2
1,1,4-5,low,8,107,2
1,1,4-5,low,9,103,2
1,1,4-5,low,10,35,2
1,1,4-5,low,11,99,2
1,1,4-5,low,12,130,2
1,1,4-5,low,13,85,2
1,1,4-5,low,14,96,2
1,1,4-5,low,15,153,2
1,1,4-5,low,16,125,2
1,1,4-5,low,17,105,2
1,1,4-5,low,18,79,2
1,1,4-5,low,19,119,2
1,1,4-5,low,20,134,2
1,1,4-5,medium,1,67,2
1,1,4-5,medium,2,113,2
1,1,4-5,medium,3,100,2
1,1,4-5,medium,4,116,2
1,1,4-5,medium,5,148,2
1,1,4-5,medium,6,125,2
1,1,4-5,medium,7,127,2
1,1,4-5,medium,8,108,2
1,1,4-5,medium,9,139,2
1,1,4-5,medium,10,130,2
1,1,4-5,medium,11,97,2
1,1,4-5,medium,12,138,2
1,1,4-5,medium,13,111,2
1,1,4-5,medium,14,128,2
1,1,4-5,medium,15,76,2
1,1,4-5,medium,16,104,2
1,1,4-5,medium,17,98,2
1,1,4-5,medium,18,96,2
1,1,4-5,medium,19,131,2
1,1,4-5,medium,20,117,2
1,1,4-5,high,1,92,2
1,1,4-5,high,2,141,2
1,1,4-5,high,3,148,2
1,1,4-5,high,4,114,2
1,1,4-5,high,5,95,2
1,1,4-5,high,6,110,2
1,1,4-5,high,7,132,2
1,1,4-5,high,8,113,2
1,1,4-5,high,9,134,2
1,1,4-5,high,10,29,2
1,1,4-5,high,11,105,2
1,1,4-5,high,12,118,2
1,1,4-5,high,13,123,2
1,1,4-5,high,14,132,2
1,1,4-5,high,15,118,2
1,1,4-5,high,16,133,2
1,1,4-5,high,17,149,2
1,1,4-5,high,18,54,2
1,1,4-5,high,19,133,2
1,1,4-5,high,20,95,2
1,2,6-7,low,1,62,2
1,2,6-7,low,2,149,2
1,2,6-7,low,3,0,2
1,2,6-7,low,4,0,2
1,2,6-7,low,5,0,2
1,2,6-7,low,6,138,2
1,2,6-7,low,7,83,2
1,2,6-7,low,8,75,2
1,2,6-7,low,9,123,2
1,2,6-7,low,10,35,2
1,2,6-7,low,11,97,2
1,2,6-7,low,12,118,2
1,2,6-7,low,13,72,2
1,2,6-7,low,14,98,2
1,2,6-7,low,15,94,2
1,2,6-7,low,16,95,2
1,2,6-7,low,17,112,2
1,2,6-7,low,18,41,2
1,2,6-7,low,19,142,2
1,2,6-7,low,20,140,2
1,2,6-7,medium,1,30,2
1,2,6-7,medium,2,128,2
1,2,6-7,medium,3,153,2
1,2,6-7,medium,4,122,2
1,2,6-7,medium,5,137,2
1,2,6-7,medium,6,144,2
1,2,6-7,medium,7,130,2
1,2,6-7,medium,8,111,2
1,2,6-7,medium,9,141,2
1,2,6-7,medium,10,122,2
1,2,6-7,medium,11,118,2
1,2,6-7,medium,12,142,2
1,2,6-7,medium,13,118,2
1,2,6-7,medium,14,141,2
1,2,6-7,medium,15,106,2
1,2,6-7,medium,16,121,2
1,2,6-7,medium,17,108,2
1,2,6-7,medium,18,115,2
1,2,6-7,medium,19,97,2
1,2,6-7,medium,20,133,2
1,2,6-7,high,1,95,2
1,2,6-7,high,2,167,2
1,2,6-7,high,3,164,2
1,2,6-7,high,4,132,2
1,2,6-7,high,5,103,2
1,2,6-7,high,6,125,2
1,2,6-7,high,7,135,2
1,2,6-7,high,8,156,2
1,2,6-7,high,9,90,2
1,2,6-7,high,10,16,2
1,2,6-7,high,11,157,2
1,2,6-7,high,12,151,2
1,2,6-7,high,13,128,2
1,2,6-7,high,14,125,2
1,2,6-7,high,15,122,2
1,2,6-7,high,16,55,2
1,2,6-7,high,17,146,2
1,2,6-7,high,18,79,2
1,2,6-7,high,19,133,2
1,2,6-7,high,20,79,2
1,3,8-9,low,1,50,2
1,3,8-9,low,2,123,2
1,3,8-9,low,3,0,2
1,3,8-9,low,4,0,2
1,3,8-9,low,5,0,2
1,3,8-9,low,6,103,2
1,3,8-9,low,7,63,2
1,3,8-9,low,8,51,2
1,3,8-9,low,9,110,2
1,3,8-9,low,10,9,2
1,3,8-9,low,11,80,2
1,3,8-9,low,12,25,2
1,3,8-9,low,13,55,2
1,3,8-9,low,14,105,2
1,3,8-9,low,15,41,2
1,3,8-9,low,16,118,2
1,3,8-9,low,17,89,2
1,3,8-9,low,18,2,2
1,3,8-9,low,19,130,2
1,3,8-9,low,20,111,2
1,3,8-9,medium,1,4,2
1,3,8-9,medium,2,60,2
1,3,8-9,medium,3,107,2
1,3,8-9,medium,4,138,2
1,3,8-9,medium,5,122,2
1,3,8-9,medium,6,159,2
1,3,8-9,medium,7,133,2
1,3,8-9,medium,8,88,2
1,3,8-9,medium,9,163,2
1,3,8-9,medium,10,140,2
1,3,8-9,medium,11,115,2
1,3,8-9,medium,12,155,2
1,3,8-9,medium,13,98,2
1,3,8-9,medium,14,136,2
1,3,8-9,medium,15,116,2
1,3,8-9,medium,16,110,2
1,3,8-9,medium,17,67,2
1,3,8-9,medium,18,113,2
1,3,8-9,medium,19,158,2
1,3,8-9,medium,20,146,2
1,3,8-9,high,1,93,2
1,3,8-9,high,2,88,2
1,3,8-9,high,3,108,2
1,3,8-9,high,4,108,2
1,3,8-9,high,5,131,2
1,3,8-9,high,6,40,2
1,3,8-9,high,7,131,2
1,3,8-9,high,8,51,2
1,3,8-9,high,9,153,2
1,3,8-9,high,10,23,2
1,3,8-9,high,11,151,2
1,3,8-9,high,12,108,2
1,3,8-9,high,13,137,2
1,3,8-9,high,14,124,2
1,3,8-9,high,15,114,2
1,3,8-9,high,16,98,2
1,3,8-9,high,17,138,2
1,3,8-9,high,18,80,2
1,3,8-9,high,19,151,2
1,3,8-9,high,20,74,2
1,4,10-11,low,1,45,2
1,4,10-11,low,2,46,2
1,4,10-11,low,3,0,2
1,4,10-11,low,4,0,2
1,4,10-11,low,5,1,2
1,4,10-11,low,6,44,2
1,4,10-11,low,7,30,2
1,4,10-11,low,8,2,2
1,4,10-11,low,9,85,2
1,4,10-11,low,10,15,2
1,4,10-11,low,11,65,2
1,4,10-11,low,12,2,2
1,4,10-11,low,13,70,2
1,4,10-11,low,14,119,2
1,4,10-11,low,15,13,2
1,4,10-11,low,16,108,2
1,4,10-11,low,17,97,2
1,4,10-11,low,18,0,2
1,4,10-11,low,19,55,2
1,4,10-11,low,20,55,2
1,4,10-11,medium,1,0,2
1,4,10-11,medium,2,0,2
1,4,10-11,medium,3,114,2
1,4,10-11,medium,4,139,2
1,4,10-11,medium,5,29,2
1,4,10-11,medium,6,132,2
1,4,10-11,medium,7,103,2
1,4,10-11,medium,8,89,2
1,4,10-11,medium,9,48,2
1,4,10-11,medium,10,132,2
1,4,10-11,medium,11,77,2
1,4,10-11,medium,12,109,2
1,4,10-11,medium,13,99,2
1,4,10-11,medium,14,150,2
1,4,10-11,medium,15,119,2
1,4,10-11,medium,16,99,2
1,4,10-11,medium,17,0,2
1,4,10-11,medium,18,123,2
1,4,10-11,medium,19,102,2
1,4,10-11,medium,20,141,2
1,4,10-11,high,1,97,2
1,4,10-11,high,2,111,2
1,4,10-11,high,3,125,2
1,4,10-11,high,4,74,2
1,4,10-11,high,5,111,2
1,4,10-11,high,6,148,2
1,4,10-11,high,7,121,2
1,4,10-11,high,8,123,2
1,4,10-11,high,9,149,2
1,4,10-11,high,10,104,2
1,4,10-11,high,11,159,2
1,4,10-11,high,12,113,2
1,4,10-11,high,13,127,2
1,4,10-11,high,14,159,2
1,4,10-11,high,15,117,2
1,4,10-11,high,16,102,2
1,4,10-11,high,17,126,2
1,4,10-11,high,18,126,2
1,4,10-11,high,19,140,2
1,4,10-11,high,20,88,2
1,5,12-13,low,1,54,2
1,5,12-13,low,2,130,2
1,5,12-13,low,3,0,2
1,5,12-13,low,4,77,2
1,5,12-13,low,5,1,2
1,5,12-13,low,6,132,2
1,5,12-13,low,7,86,2
1,5,12-13,low,8,100,2
1,5,12-13,low,9,108,2
1,5,12-13,low,10,33,2
1,5,12-13,low,11,79,2
1,5,12-13,low,12,114,2
1,5,12-13,low,13,72,2
1,5,12-13,low,14,128,2
1,5,12-13,low,15,99,2
1,5,12-13,low,16,94,2
1,5,12-13,low,17,120,2
1,5,12-13,low,18,134,2
1,5,12-13,low,19,127,2
1,5,12-13,low,20,127,2
1,5,12-13,medium,1,0,2
1,5,12-13,medium,2,99,2
1,5,12-13,medium,3,105,2
1,5,12-13,medium,4,154,2
1,5,12-13,medium,5,148,2
1,5,12-13,medium,6,127,2
1,5,12-13,medium,7,101,2
1,5,12-13,medium,8,84,2
1,5,12-13,medium,9,121,2
1,5,12-13,medium,10,38,2
1,5,12-13,medium,11,101,2
1,5,12-13,medium,12,52,2
1,5,12-13,medium,13,107,2
1,5,12-13,medium,14,67,2
1,5,12-13,medium,15,97,2
1,5,12-13,medium,16,97,2
1,5,12-13,medium,17,90,2
1,5,12-13,medium,18,120,2
1,5,12-13,medium,19,155,2
1,5,12-13,medium,20,147,2
1,5,12-13,high,1,62,2
1,5,12-13,high,2,106,2
1,5,12-13,high,3,1,2
1,5,12-13,high,4,127,2
1,5,12-13,high,5,106,2
1,5,12-13,high,6,139,2
1,5,12-13,high,7,123,2
1,5,12-13,high,8,115,2
1,5,12-13,high,9,142,2
1,5,12-13,high,10,133,2
1,5,12-13,high,11,155,2
1,5,12-13,high,12,110,2
1,5,12-13,high,13,103,2
1,5,12-13,high,14,154,2
1,5,12-13,high,15,118,2
1,5,12-13,high,16,120,2
1,5,12-13,high,17,104,2
1,5,12-13,high,18,118,2
1,5,12-13,high,19,136,2
1,5,12-13,high,20,90,2
1,6,14-15,low,1,46,2
1,6,14-15,low,2,144,2
1,6,14-15,low,3,0,2
1,6,14-15,low,4,78,2
1,6,14-15,low,5,24,2
1,6,14-15,low,6,163,2
1,6,14-15,low,7,61,2
1,6,14-15,low,8,126,2
1,6,14-15,low,9,82,2
1,6,14-15,low,10,25,2
1,6,14-15,low,11,77,2
1,6,14-15,low,12,94,2
1,6,14-15,low,13,62,2
1,6,14-15,low,14,113,2
1,6,14-15,low,15,112,2
1,6,14-15,low,16,115,2
1,6,14-15,low,17,86,2
1,6,14-15,low,18,140,2
1,6,14-15,low,19,137,2
1,6,14-15,low,20,127,2
1,6,14-15,medium,1,0,2
1,6,14-15,medium,2,103,2
1,6,14-15,medium,3,112,2
1,6,14-15,medium,4,150,2
1,6,14-15,medium,5,141,2
1,6,14-15,medium,6,10,2
1,6,14-15,medium,7,125,2
1,6,14-15,medium,8,96,2
1,6,14-15,medium,9,5,2
1,6,14-15,medium,10,0,2
1,6,14-15,medium,11,104,2
1,6,14-15,medium,12,13,2
1,6,14-15,medium,13,35,2
1,6,14-15,medium,14,20,2
1,6,14-15,medium,15,13,2
1,6,14-15,medium,16,104,2
1,6,14-15,medium,17,1,2
1,6,14-15,medium,18,102,2
1,6,14-15,medium,19,140,2
1,6,14-15,medium,20,102,2
1,6,14-15,high,1,98,2
1,6,14-15,high,2,92,2
1,6,14-15,high,3,0,2
1,6,14-15,high,4,100,2
1,6,14-15,high,5,76,2
1,6,14-15,high,6,91,2
1,6,14-15,high,7,35,2
1,6,14-15,high,8,98,2
1,6,14-15,high,9,127,2
1,6,14-15,high,10,26,2
1,6,14-15,high,11,155,2
1,6,14-15,high,12,132,2
1,6,14-15,high,13,48,2
1,6,14-15,high,14,85,2
1,6,14-15,high,15,105,2
1,6,14-15,high,16,132,2
1,6,14-15,high,17,80,2
1,6,14-15,high,18,78,2
1,6,14-15,high,19,119,2
1,6,14-15,high,20,91,2
1,7,16-19,low,1,55,4
1,7,16-19,low,2,104,4
1,7,16-19,low,3,0,4
1,7,16-19,low,4,102,4
1,7,16-19,low,5,37,4
1,7,16-19,low,6,149,4
1,7,16-19,low,7,89,4
1,7,16-19,low,8,71,4
1,7,16-19,low,9,8,4
1,7,16-19,low,10,16,4
1,7,16-19,low,11,1,4
1,7,16-19,low,12,1,4
1,7,16-19,low,13,45,4
1,7,16-19,low,14,95,4
1,7,16-19,low,15,79,4
1,7,16-19,low,16,74,4
1,7,16-19,low,17,125,4
1,7,16-19,low,18,77,4
1,7,16-19,low,19,114,4
1,7,16-19,low,20,78,4
1,7,16-19,medium,1,0,4
1,7,16-19,medium,2,132,4
1,7,16-19,medium,3,97,4
1,7,16-19,medium,4,169,4
1,7,16-19,medium,5,202,4
1,7,16-19,medium,6,151,4
1,7,16-19,medium,7,113,4
1,7,16-19,medium,8,91,4
1,7,16-19,medium,9,101,4
1,7,16-19,medium,10,126,4
1,7,16-19,medium,11,92,4
1,7,16-19,medium,12,136,4
1,7,16-19,medium,13,103,4
1,7,16-19,medium,14,140,4
1,7,16-19,medium,15,132,4
1,7,16-19,medium,16,161,4
1,7,16-19,medium,17,123,4
1,7,16-19,medium,18,124,4
1,7,16-19,medium,19,160,4
1,7,16-19,medium,20,78,4
1,7,16-19,high,1,144,4
1,7,16-19,high,2,148,4
1,7,16-19,high,3,166,4
1,7,16-19,high,4,142,4
1,7,16-19,high,5,86,4
1,7,16-19,high,6,162,4
1,7,16-19,high,7,110,4
1,7,16-19,high,8,69,4
1,7,16-19,high,9,132,4
1,7,16-19,high,10,0,4
1,7,16-19,high,11,151,4
1,7,16-19,high,12,82,4
1,7,16-19,high,13,141,4
1,7,16-19,high,14,155,4
1,7,16-19,high,15,143,4
1,7,16-19,high,16,124,4
1,7,16-19,high,17,131,4
1,7,16-19,high,18,67,4
1,7,16-19,high,19,139,4
1,7,16-19,high,20,71,4
1,8,20-23,low,1,45,4
1,8,20-23,low,2,125,4
1,8,20-23,low,3,0,4
1,8,20-23,low,4,57,4
1,8,20-23,low,5,36,3
1,8,20-23,low,6,154,4
1,8,20-23,low,7,111,4
1,8,20-23,low,8,106,4
1,8,20-23,low,9,146,4
1,8,20-23,low,10,50,4
1,8,20-23,low,11,99,4
1,8,20-23,low,12,139,4
1,8,20-23,low,13,119,4
1,8,20-23,low,14,145,4
1,8,20-23,low,15,100,4
1,8,20-23,low,16,111,4
1,8,20-23,low,17,93,4
1,8,20-23,low,18,136,4
1,8,20-23,low,19,127,4
1,8,20-23,low,20,125,4
1,8,20-23,medium,1,0,4
1,8,20-23,medium,2,124,4
1,8,20-23,medium,3,71,4
1,8,20-23,medium,4,88,4
1,8,20-23,medium,5,149,4
1,8,20-23,medium,6,135,4
1,8,20-23,medium,7,127,4
1,8,20-23,medium,8,97,4
1,8,20-23,medium,9,13,4
1,8,20-23,medium,10,122,4
1,8,20-23,medium,11,41,4
1,8,20-23,medium,12,136,4
1,8,20-23,medium,13,105,4
1,8,20-23,medium,14,10,4
1,8,20-23,medium,15,132,4
1,8,20-23,medium,16,102,4
1,8,20-23,medium,17,0,4
1,8,20-23,medium,18,77,4
1,8,20-23,medium,19,58,4
1,8,20-23,medium,20,144,4
1,8,20-23,high,1,83,4
1,8,20-23,high,2,140,4
1,8,20-23,high,3,137,4
1,8,20-23,high,4,124,4
1,8,20-23,high,5,89,4
1,8,20-23,high,6,87,4
1,8,20-23,high,7,76,4
1,8,20-23,high,8,94,4
1,8,20-23,high,9,107,4
1,8,20-23,high,10,10,4
1,8,20-23,high,11,144,4
1,8,20-23,high,12,96,4
1,8,20-23,high,13,93,4
1,8,20-23,high,14,59,4
1,8,20-23,high,15,103,4
1,8,20-23,high,16,110,4
1,8,20-23,high,17,107,4
1,8,20-23,high,18,87,4
1,8,20-23,high,19,73,4
1,8,20-23,high,20,95,4
1,9,24-27,low,1,0,4
1,9,24-27,low,2,97,4
1,9,24-27,low,3,NA,4
1,9,24-27,low,4,3,4
1,9,24-27,low,5,NA,4
1,9,24-27,low,6,93,4
1,9,24-27,low,7,65,4
1,9,24-27,low,8,17,4
1,9,24-27,low,9,16,4
1,9,24-27,low,10,17,4
1,9,24-27,low,11,9,4
1,9,24-27,low,12,0,4
1,9,24-27,low,13,1,4
1,9,24-27,low,14,134,4
1,9,24-27,low,15,58,4
1,9,24-27,low,16,54,4
1,9,24-27,low,17,67,4
1,9,24-27,low,18,0,4
1,9,24-27,low,19,111,4
1,9,24-27,low,20,118,4
1,9,24-27,medium,1,0,4
1,9,24-27,medium,2,110,4
1,9,24-27,medium,3,0,4
1,9,24-27,medium,4,1,4
1,9,24-27,medium,5,110,4
1,9,24-27,medium,6,116,4
1,9,24-27,medium,7,79,4
1,9,24-27,medium,8,71,4
1,9,24-27,medium,9,77,4
1,9,24-27,medium,10,74,4
1,9,24-27,medium,11,69,4
1,9,24-27,medium,12,19,4
1,9,24-27,medium,13,76,4
1,9,24-27,medium,14,33,4
1,9,24-27,medium,15,120,4
1,9,24-27,medium,16,84,4
1,9,24-27,medium,17,76,4
1,9,24-27,medium,18,0,2
1,9,24-27,medium,19,4,4
1,9,24-27,medium,20,62,4
1,9,24-27,high,1,70,4
1,9,24-27,high,2,85,4
1,9,24-27,high,3,121,4
1,9,24-27,high,4,116,4
1,9,24-27,high,5,109,4
1,9,24-27,high,6,83,4
1,9,24-27,high,7,70,4
1,9,24-27,high,8,85,4
1,9,24-27,high,9,127,4
1,9,24-27,high,10,0,4
1,9,24-27,high,11,139,4
1,9,24-27,high,12,109,4
1,9,24-27,high,13,89,4
1,9,24-27,high,14,92,4
1,9,24-27,high,15,94,4
1,9,24-27,high,16,101,4
1,9,24-27,high,17,104,4
1,9,24-27,high,18,66,4
1,9,24-27,high,19,67,4
1,9,24-27,high,20,102,4
1,10,28-31,low,1,0,4
1,10,28-31,low,2,68,4
1,10,28-31,low,3,NA,4
1,10,28-31,low,4,53,4
1,10,28-31,low,5,NA,4
1,10,28-31,low,6,129,4
1,10,28-31,low,7,91,4
1,10,28-31,low,8,65,4
1,10,28-31,low,9,48,4
1,10,28-31,low,10,27,4
1,10,28-31,low,11,0,4
1,10,28-31,low,12,132,4
1,10,28-31,low,13,5,4
1,10,28-31,low,14,102,4
1,10,28-31,low,15,113,4
1,10,28-31,low,16,76,4
1,10,28-31,low,17,120,4
1,10,28-31,low,18,82,4
1,10,28-31,low,19,87,4
1,10,28-31,low,20,122,4
1,10,28-31,medium,1,0,4
1,10,28-31,medium,2,86,4
1,10,28-31,medium,3,0,4
1,10,28-31,medium,4,0,4
1,10,28-31,medium,5,0,4
1,10,28-31,medium,6,104,4
1,10,28-31,medium,7,3,4
1,10,28-31,medium,8,87,4
1,10,28-31,medium,9,0,4
1,10,28-31,medium,10,90,4
1,10,28-31,medium,11,65,4
1,10,28-31,medium,12,96,4
1,10,28-31,medium,13,98,4
1,10,28-31,medium,14,0,4
1,10,28-31,medium,15,98,4
1,10,28-31,medium,16,82,4
1,10,28-31,medium,17,18,4
1,10,28-31,medium,18,NA,4
1,10,28-31,medium,19,0,4
1,10,28-31,medium,20,71,4
1,10,28-31,high,1,1,4
1,10,28-31,high,2,65,4
1,10,28-31,high,3,65,4
1,10,28-31,high,4,121,4
1,10,28-31,high,5,12,4
1,10,28-31,high,6,86,4
1,10,28-31,high,7,88,4
1,10,28-31,high,8,59,4
1,10,28-31,high,9,86,4
1,10,28-31,high,10,0,3
1,10,28-31,high,11,137,4
1,10,28-31,high,12,93,4
1,10,28-31,high,13,0,4
1,10,28-31,high,14,30,4
1,10,28-31,high,15,13,4
1,10,28-31,high,16,42,4
1,10,28-31,high,17,15,4
1,10,28-31,high,18,48,4
1,10,28-31,high,19,69,4
1,10,28-31,high,20,85,4
1,11,32-35,low,1,0,4
1,11,32-35,low,2,14,4
1,11,32-35,low,3,NA,4
1,11,32-35,low,4,41,4
1,11,32-35,low,5,NA,4
1,11,32-35,low,6,59,4
1,11,32-35,low,7,54,4
1,11,32-35,low,8,9,4
1,11,32-35,low,9,17,4
1,11,32-35,low,10,5,4
1,11,32-35,low,11,NA,4
1,11,32-35,low,12,26,4
1,11,32-35,low,13,9,4
1,11,32-35,low,14,48,4
1,11,32-35,low,15,68,4
1,11,32-35,low,16,38,3
1,11,32-35,low,17,90,4
1,11,32-35,low,18,27,4
1,11,32-35,low,19,62,4
1,11,32-35,low,20,62,4
1,11,32-35,medium,1,0,4
1,11,32-35,medium,2,16,4
1,11,32-35,medium,3,0,4
1,11,32-35,medium,4,0,4
1,11,32-35,medium,5,NA,4
1,11,32-35,medium,6,107,4
1,11,32-35,medium,7,0,4
1,11,32-35,medium,8,51,3
1,11,32-35,medium,9,0,4
1,11,32-35,medium,10,38,4
1,11,32-35,medium,11,45,4
1,11,32-35,medium,12,29,4
1,11,32-35,medium,13,61,4
1,11,32-35,medium,14,NA,4
1,11,32-35,medium,15,8,4
1,11,32-35,medium,16,0,4
1,11,32-35,medium,17,NA,4
1,11,32-35,medium,18,NA,4
1,11,32-35,medium,19,4,4
1,11,32-35,medium,20,0,4
1,11,32-35,high,1,0,4
1,11,32-35,high,2,64,4
1,11,32-35,high,3,43,4
1,11,32-35,high,4,74,4
1,11,32-35,high,5,0,4
1,11,32-35,high,6,65,4
1,11,32-35,high,7,71,4
1,11,32-35,high,8,49,4
1,11,32-35,high,9,74,4
1,11,32-35,high,10,NA,4
1,11,32-35,high,11,100,4
1,11,32-35,high,12,80,4
1,11,32-35,high,13,2,4
1,11,32-35,high,14,7,4
1,11,32-35,high,15,23,4
1,11,32-35,high,16,51,4
1,11,32-35,high,17,0,4
1,11,32-35,high,18,32,4
1,11,32-35,high,19,114,4
1,11,32-35,high,20,80,4
1,12,36-39,low,1,0,4
1,12,36-39,low,2,4,4
1,12,36-39,low,3,NA,4
1,12,36-39,low,4,35,4
1,12,36-39,low,5,NA,4
1,12,36-39,low,6,0,4
1,12,36-39,low,7,34,4
1,12,36-39,low,8,1,4
1,12,36-39,low,9,3,4
1,12,36-39,low,10,0,4
1,12,36-39,low,11,NA,4
1,12,36-39,low,12,0,4
1,12,36-39,low,13,3,4
1,12,36-39,low,14,51,4
1,12,36-39,low,15,31,4
1,12,36-39,low,16,NA,4
1,12,36-39,low,17,78,4
1,12,36-39,low,18,2,4
1,12,36-39,low,19,18,4
1,12,36-39,low,20,15,4
1,12,36-39,medium,1,0,4
1,12,36-39,medium,2,0,4
1,12,36-39,medium,3,0,4
1,12,36-39,medium,4,NA,4
1,12,36-39,medium,5,NA,4
1,12,36-39,medium,6,3,4
1,12,36-39,medium,7,0,3
1,12,36-39,medium,8,NA,4
1,12,36-39,medium,9,0,4
1,12,36-39,medium,10,49,4
1,12,36-39,medium,11,31,4
1,12,36-39,medium,12,0,4
1,12,36-39,medium,13,37,4
1,12,36-39,medium,14,NA,4
1,12,36-39,medium,15,0,4
1,12,36-39,medium,16,0,4
1,12,36-39,medium,17,NA,4
1,12,36-39,medium,18,NA,4
1,12,36-39,medium,19,0,4
1,12,36-39,medium,20,0,3
1,12,36-39,high,1,0,4
1,12,36-39,high,2,63,4
1,12,36-39,high,3,12,4
1,12,36-39,high,4,52,4
1,12,36-39,high,5,0,4
1,12,36-39,high,6,23,4
1,12,36-39,high,7,1,4
1,12,36-39,high,8,48,4
1,12,36-39,high,9,1,4
1,12,36-39,high,10,NA,4
1,12,36-39,high,11,13,4
1,12,36-39,high,12,73,4
1,12,36-39,high,13,3,4
1,12,36-39,high,14,0,4
1,12,36-39,high,15,0,3
1,12,36-39,high,16,81,4
1,12,36-39,high,17,0,4
1,12,36-39,high,18,NA,4
1,12,36-39,high,19,45,4
1,12,36-39,high,20,79,4
1,13,40-46,low,1,0,5
1,13,40-46,low,2,0,7
1,13,40-46,low,3,NA,7
1,13,40-46,low,4,5,7
1,13,40-46,low,5,NA,7
1,13,40-46,low,6,0,7
1,13,40-46,low,7,14,7
1,13,40-46,low,8,1,7
1,13,40-46,low,9,0,7
1,13,40-46,low,10,0,7
1,13,40-46,low,11,NA,7
1,13,40-46,low,12,0,7
1,13,40-46,low,13,0,7
1,13,40-46,low,14,0,7
1,13,40-46,low,15,0,7
1,13,40-46,low,16,NA,7
1,13,40-46,low,17,0,7
1,13,40-46,low,18,0,6
1,13,40-46,low,19,0,7
1,13,40-46,low,20,2,7
1,13,40-46,medium,1,0,3
1,13,40-46,medium,2,0,6
1,13,40-46,medium,3,0,4
1,13,40-46,medium,4,NA,7
1,13,40-46,medium,5,NA,7
1,13,40-46,medium,6,1,7
1,13,40-46,medium,7,NA,7
1,13,40-46,medium,8,NA,7
1,13,40-46,medium,9,0,5
1,13,40-46,medium,10,0,7
1,13,40-46,medium,11,11,7
1,13,40-46,medium,12,0,7
1,13,40-46,medium,13,3,7
1,13,40-46,medium,14,NA,7
1,13,40-46,medium,15,NA,7
1,13,40-46,medium,16,1,7
1,13,40-46,medium,17,NA,7
1,13,40-46,medium,18,NA,7
1,13,40-46,medium,19,0,4
1,13,40-46,medium,20,NA,7
1,13,40-46,high,1,0,6
1,13,40-46,high,2,27,7
1,13,40-46,high,3,0,7
1,13,40-46,high,4,7,4
1,13,40-46,high,5,0,5
1,13,40-46,high,6,0,7
1,13,40-46,high,7,0,7
1,13,40-46,high,8,26,7
1,13,40-46,high,9,0,7
1,13,40-46,high,10,NA,7
1,13,40-46,high,11,6,7
1,13,40-46,high,12,2,7
1,13,40-46,high,13,0,4
1,13,40-46,high,14,0,7
1,13,40-46,high,15,NA,7
1,13,40-46,high,16,8,7
1,13,40-46,high,17,0,6
1,13,40-46,high,18,NA,7
1,13,40-46,high,19,1,7
1,13,40-46,high,20,23,7
1,14,47-53,low,1,NA,7
1,14,47-53,low,2,NA,7
1,14,47-53,low,3,NA,7
1,14,47-53,low,4,0,6
1,14,47-53,low,5,NA,7
1,14,47-53,low,6,0,5
1,14,47-53,low,7,2,5
1,14,47-53,low,8,0,5
1,14,47-53,low,9,0,4
1,14,47-53,low,10,0,7
1,14,47-53,low,11,NA,7
1,14,47-53,low,12,NA,7
1,14,47-53,low,13,0,6
1,14,47-53,low,14,0,7
1,14,47-53,low,15,0,5
1,14,47-53,low,16,NA,7
1,14,47-53,low,17,0,7
1,14,47-53,low,18,NA,7
1,14,47-53,low,19,0,7
1,14,47-53,low,20,0,3
1,14,47-53,medium,1,NA,7
1,14,47-53,medium,2,NA,7
1,14,47-53,medium,3,NA,7
1,14,47-53,medium,4,NA,7
1,14,47-53,medium,5,NA,7
1,14,47-53,medium,6,0,6
1,14,47-53,medium,7,NA,7
1,14,47-53,medium,8,NA,7
1,14,47-53,medium,9,NA,7
1,14,47-53,medium,10,0,4
1,14,47-53,medium,11,3,7
1,14,47-53,medium,12,0,3
1,14,47-53,medium,13,1,7
1,14,47-53,medium,14,NA,7
1,14,47-53,medium,15,NA,7
1,14,47-53,medium,16,0,7
1,14,47-53,medium,17,NA,7
1,14,47-53,medium,18,NA,7
1,14,47-53,medium,19,NA,7
1,14,47-53,medium,20,NA,7
1,14,47-53,high,1,NA,7
1,14,47-53,high,2,0,7
1,14,47-53,high,3,0,7
1,14,47-53,high,4,NA,7
1,14,47-53,high,5,NA,7
1,14,47-53,high,6,0,7
1,14,47-53,high,7,0,7
1,14,47-53,high,8,5,7
1,14,47-53,high,9,NA,7
1,14,47-53,high,10,NA,7
1,14,47-53,high,11,0,7
1,14,47-53,high,12,0,7
1,14,47-53,high,13,NA,7
1,14,47-53,high,14,NA,7
1,14,47-53,high,15,NA,7
1,14,47-53,high,16,NA,7
1,14,47-53,high,17,NA,7
1,14,47-53,high,18,NA,7
1,14,47-53,high,19,0,6
1,14,47-53,high,20,0,4
2,1,4-5,low,1,97,2
2,1,4-5,low,2,81,2
2,1,4-5,low,3,87,2
2,1,4-5,low,4,1,2
2,1,4-5,low,5,14,2
2,1,4-5,low,6,80,2
2,1,4-5,low,7,63,2
2,1,4-5,low,8,89,2
2,1,4-5,low,9,0,2
2,1,4-5,low,10,36,2
2,1,4-5,low,11,29,2
2,1,4-5,low,12,81,2
2,1,4-5,low,13,102,2
2,1,4-5,low,14,120,2
2,1,4-5,low,15,125,2
2,1,4-5,low,16,124,2
2,1,4-5,low,17,84,2
2,1,4-5,low,18,45,2
2,1,4-5,low,19,128,2
2,1,4-5,low,20,101,2
2,1,4-5,medium,1,118,2
2,1,4-5,medium,2,122,2
2,1,4-5,medium,3,89,2
2,1,4-5,medium,4,39,2
2,1,4-5,medium,5,123,2
2,1,4-5,medium,6,47,2
2,1,4-5,medium,7,106,2
2,1,4-5,medium,8,60,2
2,1,4-5,medium,9,100,2
2,1,4-5,medium,10,116,2
2,1,4-5,medium,11,62,2
2,1,4-5,medium,12,0,2
2,1,4-5,medium,13,127,2
2,1,4-5,medium,14,87,2
2,1,4-5,medium,15,121,2
2,1,4-5,medium,16,60,2
2,1,4-5,medium,17,98,2
2,1,4-5,medium,18,38,2
2,1,4-5,medium,19,102,2
2,1,4-5,medium,20,84,2
2,1,4-5,high,1,109,2
2,1,4-5,high,2,56,2
2,1,4-5,high,3,81,2
2,1,4-5,high,4,122,2
2,1,4-5,high,5,106,2
2,1,4-5,high,6,0,2
2,1,4-5,high,7,102,2
2,1,4-5,high,8,126,2
2,1,4-5,high,9,105,2
2,1,4-5,high,10,94,2
2,1,4-5,high,11,144,2
2,1,4-5,high,12,104,2
2,1,4-5,high,13,109,2
2,1,4-5,high,14,86,2
2,1,4-5,high,15,69,2
2,1,4-5,high,16,83,2
2,1,4-5,high,17,73,2
2,1,4-5,high,18,69,2
2,1,4-5,high,19,112,2
2,1,4-5,high,20,91,2
2,2,6-7,low,1,113,2
2,2,6-7,low,2,102,2
2,2,6-7,low,3,111,2
2,2,6-7,low,4,NA,2
2,2,6-7,low,5,0,2
2,2,6-7,low,6,86,2
2,2,6-7,low,7,79,2
2,2,6-7,low,8,143,2
2,2,6-7,low,9,0,2
2,2,6-7,low,10,70,2
2,2,6-7,low,11,27,2
2,2,6-7,low,12,94,2
2,2,6-7,low,13,171,2
2,2,6-7,low,14,153,2
2,2,6-7,low,15,156,2
2,2,6-7,low,16,30,2
2,2,6-7,low,17,96,2
2,2,6-7,low,18,28,2
2,2,6-7,low,19,175,2
2,2,6-7,low,20,115,2
2,2,6-7,medium,1,126,2
2,2,6-7,medium,2,158,2
2,2,6-7,medium,3,121,2
2,2,6-7,medium,4,108,2
2,2,6-7,medium,5,39,2
2,2,6-7,medium,6,62,2
2,2,6-7,medium,7,114,2
2,2,6-7,medium,8,0,2
2,2,6-7,medium,9,122,2
2,2,6-7,medium,10,74,2
2,2,6-7,medium,11,93,2
2,2,6-7,medium,12,13,2
2,2,6-7,medium,13,144,2
2,2,6-7,medium,14,85,2
2,2,6-7,medium,15,108,2
2,2,6-7,medium,16,48,2
2,2,6-7,medium,17,48,2
2,2,6-7,medium,18,85,2
2,2,6-7,medium,19,155,2
2,2,6-7,medium,20,71,2
2,2,6-7,high,1,115,2
2,2,6-7,high,2,95,2
2,2,6-7,high,3,70,2
2,2,6-7,high,4,125,2
2,2,6-7,high,5,126,2
2,2,6-7,high,6,0,2
2,2,6-7,high,7,92,2
2,2,6-7,high,8,120,2
2,2,6-7,high,9,123,2
2,2,6-7,high,10,79,2
2,2,6-7,high,11,156,2
2,2,6-7,high,12,148,2
2,2,6-7,high,13,136,2
2,2,6-7,high,14,112,2
2,2,6-7,high,15,109,2
2,2,6-7,high,16,117,2
2,2,6-7,high,17,129,2
2,2,6-7,high,18,95,2
2,2,6-7,high,19,161,2
2,2,6-7,high,20,130,2
2,3,8-9,low,1,99,2
2,3,8-9,low,2,28,2
2,3,8-9,low,3,70,2
2,3,8-9,low,4,NA,2
2,3,8-9,low,5,15,2
2,3,8-9,low,6,72,2
2,3,8-9,low,7,74,2
2,3,8-9,low,8,128,2
2,3,8-9,low,9,0,2
2,3,8-9,low,10,46,2
2,3,8-9,low,11,26,2
2,3,8-9,low,12,77,2
2,3,8-9,low,13,122,2
2,3,8-9,low,14,126,2
2,3,8-9,low,15,151,2
2,3,8-9,low,16,1,2
2,3,8-9,low,17,62,2
2,3,8-9,low,18,35,2
2,3,8-9,low,19,18,2
2,3,8-9,low,20,97,2
2,3,8-9,medium,1,139,2
2,3,8-9,medium,2,129,2
2,3,8-9,medium,3,81,2
2,3,8-9,medium,4,56,2
2,3,8-9,medium,5,141,2
2,3,8-9,medium,6,48,2
2,3,8-9,medium,7,84,2
2,3,8-9,medium,8,10,2
2,3,8-9,medium,9,132,2
2,3,8-9,medium,10,117,2
2,3,8-9,medium,11,104,2
2,3,8-9,medium,12,61,2
2,3,8-9,medium,13,104,2
2,3,8-9,medium,14,106,2
2,3,8-9,medium,15,129,2
2,3,8-9,medium,16,NA,2
2,3,8-9,medium,17,54,2
2,3,8-9,medium,18,83,2
2,3,8-9,medium,19,125,2
2,3,8-9,medium,20,112,2
2,3,8-9,high,1,126,2
2,3,8-9,high,2,117,2
2,3,8-9,high,3,51,2
2,3,8-9,high,4,55,2
2,3,8-9,high,5,120,2
2,3,8-9,high,6,90,2
2,3,8-9,high,7,46,2
2,3,8-9,high,8,53,2
2,3,8-9,high,9,127,2
2,3,8-9,high,10,88,2
2,3,8-9,high,11,178,2
2,3,8-9,high,12,118,2
2,3,8-9,high,13,126,2
2,3,8-9,high,14,47,2
2,3,8-9,high,15,114,2
2,3,8-9,high,16,30,2
2,3,8-9,high,17,109,2
2,3,8-9,high,18,107,2
2,3,8-9,high,19,101,2
2,3,8-9,high,20,121,2
2,4,10-11,low,1,41,2
2,4,10-11,low,2,5,2
2,4,10-11,low,3,53,2
2,4,10-11,low,4,NA,2
2,4,10-11,low,5,2,2
2,4,10-11,low,6,70,2
2,4,10-11,low,7,72,2
2,4,10-11,low,8,88,2
2,4,10-11,low,9,0,2
2,4,10-11,low,10,65,2
2,4,10-11,low,11,20,2
2,4,10-11,low,12,15,2
2,4,10-11,low,13,35,2
2,4,10-11,low,14,77,2
2,4,10-11,low,15,50,2
2,4,10-11,low,16,0,2
2,4,10-11,low,17,67,2
2,4,10-11,low,18,0,2
2,4,10-11,low,19,0,2
2,4,10-11,low,20,2,2
2,4,10-11,medium,1,106,2
2,4,10-11,medium,2,59,2
2,4,10-11,medium,3,0,2
2,4,10-11,medium,4,47,2
2,4,10-11,medium,5,0,2
2,4,10-11,medium,6,19,2
2,4,10-11,medium,7,35,2
2,4,10-11,medium,8,0,2
2,4,10-11,medium,9,95,2
2,4,10-11,medium,10,94,2
2,4,10-11,medium,11,25,2
2,4,10-11,medium,12,22,2
2,4,10-11,medium,13,129,2
2,4,10-11,medium,14,46,2
2,4,10-11,medium,15,80,2
2,4,10-11,medium,16,NA,2
2,4,10-11,medium,17,60,2
2,4,10-11,medium,18,64,2
2,4,10-11,medium,19,83,2
2,4,10-11,medium,20,77,2
2,4,10-11,high,1,76,2
2,4,10-11,high,2,100,2
2,4,10-11,high,3,89,2
2,4,10-11,high,4,145,2
2,4,10-11,high,5,94,2
2,4,10-11,high,6,139,2
2,4,10-11,high,7,69,2
2,4,10-11,high,8,129,2
2,4,10-11,high,9,94,2
2,4,10-11,high,10,60,2
2,4,10-11,high,11,127,2
2,4,10-11,high,12,76,2
2,4,10-11,high,13,83,2
2,4,10-11,high,14,73,2
2,4,10-11,high,15,97,2
2,4,10-11,high,16,83,2
2,4,10-11,high,17,107,2
2,4,10-11,high,18,67,2
2,4,10-11,high,19,106,2
2,4,10-11,high,20,130,2
2,5,12-13,low,1,104,2
2,5,12-13,low,2,109,2
2,5,12-13,low,3,72,2
2,5,12-13,low,4,NA,2
2,5,12-13,low,5,77,2
2,5,12-13,low,6,1,2
2,5,12-13,low,7,58,2
2,5,12-13,low,8,101,2
2,5,12-13,low,9,100,2
2,5,12-13,low,10,37,2
2,5,12-13,low,11,4,2
2,5,12-13,low,12,81,2
2,5,12-13,low,13,155,2
2,5,12-13,low,14,117,2
2,5,12-13,low,15,91,2
2,5,12-13,low,16,112,2
2,5,12-13,low,17,78,2
2,5,12-13,low,18,32,2
2,5,12-13,low,19,175,2
2,5,12-13,low,20,16,2
2,5,12-13,medium,1,110,2
2,5,12-13,medium,2,89,2
2,5,12-13,medium,3,129,2
2,5,12-13,medium,4,95,2
2,5,12-13,medium,5,0,2
2,5,12-13,medium,6,59,2
2,5,12-13,medium,7,20,2
2,5,12-13,medium,8,82,2
2,5,12-13,medium,9,101,2
2,5,12-13,medium,10,109,2
2,5,12-13,medium,11,36,2
2,5,12-13,medium,12,48,2
2,5,12-13,medium,13,122,2
2,5,12-13,medium,14,105,2
2,5,12-13,medium,15,86,2
2,5,12-13,medium,16,NA,2
2,5,12-13,medium,17,47,2
2,5,12-13,medium,18,0,2
2,5,12-13,medium,19,86,2
2,5,12-13,medium,20,65,2
2,5,12-13,high,1,80,2
2,5,12-13,high,2,63,2
2,5,12-13,high,3,109,2
2,5,12-13,high,4,112,2
2,5,12-13,high,5,97,2
2,5,12-13,high,6,146,2
2,5,12-13,high,7,63,2
2,5,12-13,high,8,83,2
2,5,12-13,high,9,81,2
2,5,12-13,high,10,100,2
2,5,12-13,high,11,145,2
2,5,12-13,high,12,87,2
2,5,12-13,high,13,49,2
2,5,12-13,high,14,92,2
2,5,12-13,high,15,103,2
2,5,12-13,high,16,35,2
2,5,12-13,high,17,41,2
2,5,12-13,high,18,87,2
2,5,12-13,high,19,97,2
2,5,12-13,high,20,97,2
2,6,14-15,low,1,103,2
2,6,14-15,low,2,105,2
2,6,14-15,low,3,74,2
2,6,14-15,low,4,NA,2
2,6,14-15,low,5,93,2
2,6,14-15,low,6,0,2
2,6,14-15,low,7,53,2
2,6,14-15,low,8,120,2
2,6,14-15,low,9,136,2
2,6,14-15,low,10,22,2
2,6,14-15,low,11,0,2
2,6,14-15,low,12,67,2
2,6,14-15,low,13,167,2
2,6,14-15,low,14,111,2
2,6,14-15,low,15,91,2
2,6,14-15,low,16,110,2
2,6,14-15,low,17,112,2
2,6,14-15,low,18,29,2
2,6,14-15,low,19,42,2
2,6,14-15,low,20,0,2
2,6,14-15,medium,1,44,2
2,6,14-15,medium,2,112,2
2,6,14-15,medium,3,146,2
2,6,14-15,medium,4,89,2
2,6,14-15,medium,5,0,2
2,6,14-15,medium,6,71,2
2,6,14-15,medium,7,12,2
2,6,14-15,medium,8,59,2
2,6,14-15,medium,9,97,2
2,6,14-15,medium,10,23,2
2,6,14-15,medium,11,7,2
2,6,14-15,medium,12,33,2
2,6,14-15,medium,13,3,2
2,6,14-15,medium,14,104,2
2,6,14-15,medium,15,78,2
2,6,14-15,medium,16,NA,2
2,6,14-15,medium,17,40,2
2,6,14-15,medium,18,0,2
2,6,14-15,medium,19,58,2
2,6,14-15,medium,20,88,2
2,6,14-15,high,1,86,2
2,6,14-15,high,2,56,2
2,6,14-15,high,3,98,2
2,6,14-15,high,4,128,2
2,6,14-15,high,5,114,2
2,6,14-15,high,6,43,2
2,6,14-15,high,7,81,2
2,6,14-15,high,8,41,2
2,6,14-15,high,9,93,2
2,6,14-15,high,10,90,2
2,6,14-15,high,11,19,2
2,6,14-15,high,12,95,2
2,6,14-15,high,13,0,2
2,6,14-15,high,14,84,2
2,6,14-15,high,15,87,2
2,6,14-15,high,16,88,2
2,6,14-15,high,17,148,2
2,6,14-15,high,18,93,2
2,6,14-15,high,19,138,2
2,6,14-15,high,20,105,2
2,7,16-19,low,1,121,4
2,7,16-19,low,2,28,4
2,7,16-19,low,3,154,4
2,7,16-19,low,4,NA,4
2,7,16-19,low,5,146,4
2,7,16-19,low,6,6,4
2,7,16-19,low,7,6,4
2,7,16-19,low,8,208,4
2,7,16-19,low,9,124,4
2,7,16-19,low,10,34,4
2,7,16-19,low,11,0,4
2,7,16-19,low,12,80,4
2,7,16-19,low,13,139,4
2,7,16-19,low,14,179,4
2,7,16-19,low,15,142,4
2,7,16-19,low,16,136,4
2,7,16-19,low,17,59,4
2,7,16-19,low,18,51,4
2,7,16-19,low,19,0,4
2,7,16-19,low,20,0,4
2,7,16-19,medium,1,62,4
2,7,16-19,medium,2,205,4
2,7,16-19,medium,3,6,4
2,7,16-19,medium,4,187,4
2,7,16-19,medium,5,25,4
2,7,16-19,medium,6,128,4
2,7,16-19,medium,7,182,4
2,7,16-19,medium,8,152,4
2,7,16-19,medium,9,36,4
2,7,16-19,medium,10,179,4
2,7,16-19,medium,11,162,4
2,7,16-19,medium,12,22,4
2,7,16-19,medium,13,229,4
2,7,16-19,medium,14,168,4
2,7,16-19,medium,15,0,4
2,7,16-19,medium,16,NA,4
2,7,16-19,medium,17,42,4
2,7,16-19,medium,18,140,4
2,7,16-19,medium,19,246,4
2,7,16-19,medium,20,172,4
2,7,16-19,high,1,203,4
2,7,16-19,high,2,87,4
2,7,16-19,high,3,136,4
2,7,16-19,high,4,237,4
2,7,16-19,high,5,126,4
2,7,16-19,high,6,245,4
2,7,16-19,high,7,110,4
2,7,16-19,high,8,129,4
2,7,16-19,high,9,193,4
2,7,16-19,high,10,209,4
2,7,16-19,high,11,255,4
2,7,16-19,high,12,170,4
2,7,16-19,high,13,7,4
2,7,16-19,high,14,105,4
2,7,16-19,high,15,206,4
2,7,16-19,high,16,95,4
2,7,16-19,high,17,201,4
2,7,16-19,high,18,23,4
2,7,16-19,high,19,224,4
2,7,16-19,high,20,191,4
2,8,20-23,low,1,0,4
2,8,20-23,low,2,222,4
2,8,20-23,low,3,182,4
2,8,20-23,low,4,NA,4
2,8,20-23,low,5,96,4
2,8,20-23,low,6,68,4
2,8,20-23,low,7,176,4
2,8,20-23,low,8,159,4
2,8,20-23,low,9,159,4
2,8,20-23,low,10,21,4
2,8,20-23,low,11,0,4
2,8,20-23,low,12,128,4
2,8,20-23,low,13,241,4
2,8,20-23,low,14,226,4
2,8,20-23,low,15,20,4
2,8,20-23,low,16,206,4
2,8,20-23,low,17,135,4
2,8,20-23,low,18,47,4
2,8,20-23,low,19,101,4
2,8,20-23,low,20,0,4
2,8,20-23,medium,1,2,4
2,8,20-23,medium,2,125,4
2,8,20-23,medium,3,135,4
2,8,20-23,medium,4,104,4
2,8,20-23,medium,5,0,4
2,8,20-23,medium,6,138,4
2,8,20-23,medium,7,181,4
2,8,20-23,medium,8,101,4
2,8,20-23,medium,9,18,4
2,8,20-23,medium,10,127,4
2,8,20-23,medium,11,2,4
2,8,20-23,medium,12,47,4
2,8,20-23,medium,13,214,4
2,8,20-23,medium,14,196,4
2,8,20-23,medium,15,0,4
2,8,20-23,medium,16,NA,4
2,8,20-23,medium,17,42,4
2,8,20-23,medium,18,65,4
2,8,20-23,medium,19,172,4
2,8,20-23,medium,20,49,4
2,8,20-23,high,1,107,4
2,8,20-23,high,2,57,4
2,8,20-23,high,3,108,4
2,8,20-23,high,4,208,4
2,8,20-23,high,5,199,4
2,8,20-23,high,6,155,4
2,8,20-23,high,7,130,4
2,8,20-23,high,8,106,4
2,8,20-23,high,9,149,4
2,8,20-23,high,10,201,4
2,8,20-23,high,11,194,4
2,8,20-23,high,12,98,4
2,8,20-23,high,13,77,4
2,8,20-23,high,14,26,4
2,8,20-23,high,15,209,4
2,8,20-23,high,16,155,4
2,8,20-23,high,17,144,4
2,8,20-23,high,18,0,4
2,8,20-23,high,19,173,4
2,8,20-23,high,20,237,4
2,9,24-27,low,1,0,4
2,9,24-27,low,2,83,4
2,9,24-27,low,3,48,4
2,9,24-27,low,4,NA,4
2,9,24-27,low,5,4,4
2,9,24-27,low,6,1,4
2,9,24-27,low,7,108,4
2,9,24-27,low,8,3,4
2,9,24-27,low,9,4,4
2,9,24-27,low,10,31,4
2,9,24-27,low,11,0,4
2,9,24-27,low,12,29,4
2,9,24-27,low,13,128,4
2,9,24-27,low,14,46,4
2,9,24-27,low,15,0,4
2,9,24-27,low,16,82,4
2,9,24-27,low,17,11,4
2,9,24-27,low,18,17,4
2,9,24-27,low,19,0,4
2,9,24-27,low,20,0,4
2,9,24-27,medium,1,0,4
2,9,24-27,medium,2,104,4
2,9,24-27,medium,3,54,4
2,9,24-27,medium,4,115,4
2,9,24-27,medium,5,NA,4
2,9,24-27,medium,6,78,4
2,9,24-27,medium,7,19,4
2,9,24-27,medium,8,0,4
2,9,24-27,medium,9,30,4
2,9,24-27,medium,10,98,4
2,9,24-27,medium,11,0,4
2,9,24-27,medium,12,41,4
2,9,24-27,medium,13,131,4
2,9,24-27,medium,14,56,4
2,9,24-27,medium,15,0,4
2,9,24-27,medium,16,NA,4
2,9,24-27,medium,17,19,4
2,9,24-27,medium,18,86,4
2,9,24-27,medium,19,121,4
2,9,24-27,medium,20,79,4
2,9,24-27,high,1,75,4
2,9,24-27,high,2,18,4
2,9,24-27,high,3,10,4
2,9,24-27,high,4,125,4
2,9,24-27,high,5,100,4
2,9,24-27,high,6,122,4
2,9,24-27,high,7,112,4
2,9,24-27,high,8,0,3
2,9,24-27,high,9,89,4
2,9,24-27,high,10,62,4
2,9,24-27,high,11,150,4
2,9,24-27,high,12,38,4
2,9,24-27,high,13,0,4
2,9,24-27,high,14,0,4
2,9,24-27,high,15,114,4
2,9,24-27,high,16,65,4
2,9,24-27,high,17,75,4
2,9,24-27,high,18,NA,4
2,9,24-27,high,19,113,4
2,9,24-27,high,20,121,4
2,10,28-31,low,1,0,4
2,10,28-31,low,2,124,4
2,10,28-31,low,3,84,4
2,10,28-31,low,4,NA,4
2,10,28-31,low,5,51,4
2,10,28-31,low,6,20,4
2,10,28-31,low,7,100,4
2,10,28-31,low,8,105,4
2,10,28-31,low,9,42,4
2,10,28-31,low,10,0,3
2,10,28-31,low,11,0,4
2,10,28-31,low,12,81,4
2,10,28-31,low,13,80,4
2,10,28-31,low,14,125,4
2,10,28-31,low,15,0,4
2,10,28-31,low,16,96,4
2,10,28-31,low,17,102,4
2,10,28-31,low,18,0,4
2,10,28-31,low,19,22,4
2,10,28-31,low,20,NA,4
2,10,28-31,medium,1,NA,4
2,10,28-31,medium,2,105,4
2,10,28-31,medium,3,131,4
2,10,28-31,medium,4,106,4
2,10,28-31,medium,5,NA,4
2,10,28-31,medium,6,70,4
2,10,28-31,medium,7,101,4
2,10,28-31,medium,8,2,4
2,10,28-31,medium,9,44,4
2,10,28-31,medium,10,27,4
2,10,28-31,medium,11,0,4
2,10,28-31,medium,12,52,4
2,10,28-31,medium,13,126,4
2,10,28-31,medium,14,24,4
2,10,28-31,medium,15,NA,4
2,10,28-31,medium,16,NA,4
2,10,28-31,medium,17,49,4
2,10,28-31,medium,18,88,4
2,10,28-31,medium,19,3,4
2,10,28-31,medium,20,78,4
2,10,28-31,high,1,1,4
2,10,28-31,high,2,NA,4
2,10,28-31,high,3,0,4
2,10,28-31,high,4,45,4
2,10,28-31,high,5,86,4
2,10,28-31,high,6,122,4
2,10,28-31,high,7,81,4
2,10,28-31,high,8,NA,4
2,10,28-31,high,9,34,4
2,10,28-31,high,10,2,4
2,10,28-31,high,11,78,4
2,10,28-31,high,12,NA,4
2,10,28-31,high,13,0,4
2,10,28-31,high,14,2,4
2,10,28-31,high,15,9,4
2,10,28-31,high,16,95,4
2,10,28-31,high,17,56,4
2,10,28-31,high,18,NA,4
2,10,28-31,high,19,85,4
2,10,28-31,high,20,121,4
2,11,32-35,low,1,0,4
2,11,32-35,low,2,74,4
2,11,32-35,low,3,0,4
2,11,32-35,low,4,NA,4
2,11,32-35,low,5,58,4
2,11,32-35,low,6,0,4
2,11,32-35,low,7,59,4
2,11,32-35,low,8,,4
2,11,32-35,low,9,12,4
2,11,32-35,low,10,NA,4
2,11,32-35,low,11,NA,4
2,11,32-35,low,12,15,4
2,11,32-35,low,13,0,4
2,11,32-35,low,14,0,4
2,11,32-35,low,15,0,4
2,11,32-35,low,16,22,4
2,11,32-35,low,17,35,4
2,11,32-35,low,18,0,4
2,11,32-35,low,19,NA,4
2,11,32-35,low,20,NA,4
2,11,32-35,medium,1,NA,4
2,11,32-35,medium,2,67,4
2,11,32-35,medium,3,104,4
2,11,32-35,medium,4,22,4
2,11,32-35,medium,5,NA,4
2,11,32-35,medium,6,63,4
2,11,32-35,medium,7,53,4
2,11,32-35,medium,8,0,4
2,11,32-35,medium,9,5,4
2,11,32-35,medium,10,89,4
2,11,32-35,medium,11,0,4
2,11,32-35,medium,12,0,4
2,11,32-35,medium,13,97,4
2,11,32-35,medium,14,0,4
2,11,32-35,medium,15,NA,4
2,11,32-35,medium,16,NA,4
2,11,32-35,medium,17,37,4
2,11,32-35,medium,18,38,4
2,11,32-35,medium,19,92,4
2,11,32-35,medium,20,33,4
2,11,32-35,high,1,0,4
2,11,32-35,high,2,NA,4
2,11,32-35,high,3,NA,4
2,11,32-35,high,4,27,4
2,11,32-35,high,5,0,4
2,11,32-35,high,6,73,4
2,11,32-35,high,7,0,4
2,11,32-35,high,8,NA,4
2,11,32-35,high,9,26,4
2,11,32-35,high,10,0,4
2,11,32-35,high,11,3,4
2,11,32-35,high,12,NA,4
2,11,32-35,high,13,NA,4
2,11,32-35,high,14,0,4
2,11,32-35,high,15,133,4
2,11,32-35,high,16,74,4
2,11,32-35,high,17,23,4
2,11,32-35,high,18,NA,4
2,11,32-35,high,19,53,4
2,11,32-35,high,20,73,4
2,12,36-39,low,1,NA,4
2,12,36-39,low,2,0,4
2,12,36-39,low,3,NA,4
2,12,36-39,low,4,NA,4
2,12,36-39,low,5,24,4
2,12,36-39,low,6,0,4
2,12,36-39,low,7,0,4
2,12,36-39,low,8,17,4
2,12,36-39,low,9,0,4
2,12,36-39,low,10,NA,4
2,12,36-39,low,11,NA,4
2,12,36-39,low,12,7,4
2,12,36-39,low,13,0,4
2,12,36-39,low,14,0,4
2,12,36-39,low,15,0,4
2,12,36-39,low,16,0,4
2,12,36-39,low,17,0,4
2,12,36-39,low,18,0,4
2,12,36-39,low,19,NA,4
2,12,36-39,low,20,NA,4
2,12,36-39,medium,1,NA,4
2,12,36-39,medium,2,1,4
2,12,36-39,medium,3,26,4
2,12,36-39,medium,4,0,4
2,12,36-39,medium,5,NA,4
2,12,36-39,medium,6,45,4
2,12,36-39,medium,7,0,4
2,12,36-39,medium,8,0,4
2,12,36-39,medium,9,0,4
2,12,36-39,medium,10,51,4
2,12,36-39,medium,11,NA,4
2,12,36-39,medium,12,0,4
2,12,36-39,medium,13,76,4
2,12,36-39,medium,14,0,4
2,12,36-39,medium,15,NA,4
2,12,36-39,medium,16,NA,4
2,12,36-39,medium,17,35,4
2,12,36-39,medium,18,NA,4
2,12,36-39,medium,19,0,4
2,12,36-39,medium,20,0,4
2,12,36-39,high,1,NA,4
2,12,36-39,high,2,NA,4
2,12,36-39,high,3,NA,4
2,12,36-39,high,4,3,4
2,12,36-39,high,5,0,4
2,12,36-39,high,6,2,4
2,12,36-39,high,7,4,4
2,12,36-39,high,8,NA,4
2,12,36-39,high,9,64,4
2,12,36-39,high,10,0,4
2,12,36-39,high,11,0,4
2,12,36-39,high,12,NA,4
2,12,36-39,high,13,NA,4
2,12,36-39,high,14,NA,4
2,12,36-39,high,15,115,4
2,12,36-39,high,16,13,4
2,12,36-39,high,17,2,4
2,12,36-39,high,18,NA,4
2,12,36-39,high,19,5,4
2,12,36-39,high,20,49,4
2,13,40-46,low,1,NA,7
2,13,40-46,low,2,0,7
2,13,40-46,low,3,NA,7
2,13,40-46,low,4,NA,7
2,13,40-46,low,5,1,7
2,13,40-46,low,6,0,7
2,13,40-46,low,7,NA,7
2,13,40-46,low,8,0,7
2,13,40-46,low,9,NA,7
2,13,40-46,low,10,NA,7
2,13,40-46,low,11,NA,7
2,13,40-46,low,12,0,7
2,13,40-46,low,13,0,7
2,13,40-46,low,14,0,7
2,13,40-46,low,15,0,7
2,13,40-46,low,16,0,7
2,13,40-46,low,17,0,7
2,13,40-46,low,18,0,7
2,13,40-46,low,19,NA,7
2,13,40-46,low,20,NA,7
2,13,40-46,medium,1,NA,7
2,13,40-46,medium,2,0,7
2,13,40-46,medium,3,0,7
2,13,40-46,medium,4,0,7
2,13,40-46,medium,5,NA,7
2,13,40-46,medium,6,9,7
2,13,40-46,medium,7,0,7
2,13,40-46,medium,8,NA,7
2,13,40-46,medium,9,0,7
2,13,40-46,medium,10,1,7
2,13,40-46,medium,11,NA,7
2,13,40-46,medium,12,NA,7
2,13,40-46,medium,13,27,7
2,13,40-46,medium,14,0,7
2,13,40-46,medium,15,NA,7
2,13,40-46,medium,16,NA,7
2,13,40-46,medium,17,29,7
2,13,40-46,medium,18,NA,7
2,13,40-46,medium,19,0,7
2,13,40-46,medium,20,0,7
2,13,40-46,high,1,NA,7
2,13,40-46,high,2,NA,7
2,13,40-46,high,3,NA,7
2,13,40-46,high,4,0,7
2,13,40-46,high,5,NA,7
2,13,40-46,high,6,0,7
2,13,40-46,high,7,0,7
2,13,40-46,high,8,NA,7
2,13,40-46,high,9,49,7
2,13,40-46,high,10,NA,7
2,13,40-46,high,11,0,7
2,13,40-46,high,12,NA,7
2,13,40-46,high,13,NA,7
2,13,40-46,high,14,NA,7
2,13,40-46,high,15,7,7
2,13,40-46,high,16,0,7
2,13,40-46,high,17,NA,7
2,13,40-46,high,18,NA,7
2,13,40-46,high,19,0,7
2,13,40-46,high,20,14,7
2,14,47-53,low,1,NA,7
2,14,47-53,low,2,NA,7
2,14,47-53,low,3,NA,7
2,14,47-53,low,4,NA,7
2,14,47-53,low,5,NA,7
2,14,47-53,low,6,NA,7
2,14,47-53,low,7,NA,7
2,14,47-53,low,8,0,7
2,14,47-53,low,9,NA,7
2,14,47-53,low,10,NA,7
2,14,47-53,low,11,NA,7
2,14,47-53,low,12,0,7
2,14,47-53,low,13,NA,7
2,14,47-53,low,14,NA,7
2,14,47-53,low,15,NA,7
2,14,47-53,low,16,0,7
2,14,47-53,low,17,0,7
2,14,47-53,low,18,NA,7
2,14,47-53,low,19,NA,7
2,14,47-53,low,20,NA,7
2,14,47-53,medium,1,NA,7
2,14,47-53,medium,2,0,7
2,14,47-53,medium,3,NA,7
2,14,47-53,medium,4,NA,7
2,14,47-53,medium,5,NA,7
2,14,47-53,medium,6,2,6
2,14,47-53,medium,7,NA,7
2,14,47-53,medium,8,NA,7
2,14,47-53,medium,9,0,7
2,14,47-53,medium,10,NA,7
2,14,47-53,medium,11,NA,7
2,14,47-53,medium,12,NA,7
2,14,47-53,medium,13,0,7
2,14,47-53,medium,14,NA,7
2,14,47-53,medium,15,NA,7
2,14,47-53,medium,16,NA,7
2,14,47-53,medium,17,2,7
2,14,47-53,medium,18,NA,7
2,14,47-53,medium,19,NA,7
2,14,47-53,medium,20,NA,7
2,14,47-53,high,1,NA,7
2,14,47-53,high,2,NA,7
2,14,47-53,high,3,NA,7
2,14,47-53,high,4,NA,7
2,14,47-53,high,5,NA,7
2,14,47-53,high,6,NA,7
2,14,47-53,high,7,0,7
2,14,47-53,high,8,NA,7
2,14,47-53,high,9,5,7
2,14,47-53,high,10,NA,7
2,14,47-53,high,11,NA,7
2,14,47-53,high,12,NA,7
2,14,47-53,high,13,NA,7
2,14,47-53,high,14,NA,7
2,14,47-53,high,15,0,7
2,14,47-53,high,16,NA,7
